,Product_name,Prices,Description
0,"Infinix Note 12 Pro 5G (Force Black, 128 GB)","₹16,999",8 GB RAM | 128 GB ROM | Expandable Upto 2 TB17.02 cm (6.7 inch) Full HD+ AMOLED Display108MP + 2MP (Depth) + 2MP (Macro) | 16MP Front Camera5000 mAh Li-ion Polymer BatteryMediatek Dimensity 810 5G Processor1 Year on Handset and 6 Months on Accessories
1,"REDMI Note 11S (Polar White, 128 GB)","₹17,470",8 GB RAM | 128 GB ROM16.33 cm (6.43 inch) Display108MP Rear Camera5000 mAh Battery1 Year Warranty
2,"MOTOROLA g82 5G(White Lily, 128 GB)","₹19,999",6 GB RAM | 128 GB ROM | Expandable Upto 1 TB16.76 cm (6.6 inch) Full HD+ Display50MP + 8MP + 2MP | 16MP Front Camera5000 mAh Lithium BatteryQualcomm Snapdragon 695 5G Processor1 Year on Handset and 6 Months on Accessories
3,"SAMSUNG Galaxy M33 5G (Mystique Green, 128 GB)","₹18,490",8 GB RAM | 128 GB ROM16.76 cm (6.6 inch) Display50MP Rear Camera6000 mAh Battery1 Year Warranty
4,"REDMI Note 11 (Space Black, 64 GB)","₹11,974",4 GB RAM | 64 GB ROM16.33 cm (6.43 inch) Display50MP Rear Camera5000 mAh Battery12 Months Warranty
5,"SAMSUNG Galaxy M33 5G (Emarld Brown, 128 GB)","₹15,999",6 GB RAM | 128 GB ROM16.76 cm (6.6 inch) Display50MP Rear Camera6000 mAh Battery1 Year Warranty
6,"realme 9 5G SE (Azure Glow, 128 GB)","₹18,999",8 GB RAM | 128 GB ROM | Expandable Upto 1 TB16.76 cm (6.6 inch) Full HD+ Display48MP + 2MP + 2MP | 16MP Front Camera5000 mAh Lithium Polymer BatteryQualcomm Snapdragon 778G Processor1 Year Warranty for Phone and 6 Months Warranty for In-Box Accessories
7,"realme 9i 5G (Rocking Black, 128 GB)","₹16,999",6 GB RAM | 128 GB ROM | Expandable Upto 1 TB16.76 cm (6.6 inch) Full HD+ Display50MP + 2MP + 2MP | 8MP Front Camera5000 mAh Lithium Ion BatteryMediatek Dimensity 810 5G Processor1 Year Manufacturer Warranty for Phone and 6 Months Warranty for In-Box Accessories
8,"realme 9 5G SE (Starry Glow, 128 GB)","₹18,999",8 GB RAM | 128 GB ROM | Expandable Upto 1 TB16.76 cm (6.6 inch) Full HD+ Display48MP + 2MP + 2MP | 16MP Front Camera5000 mAh Lithium Polymer BatteryQualcomm Snapdragon 778G Processor1 Year Warranty for Phone and 6 Months Warranty for In-Box Accessories
9,"POCO X5 5G (Supernova Green, 256 GB)","₹19,999",8 GB RAM | 256 GB ROM | Expandable Upto 1 TB16.94 cm (6.67 inch) Full HD+ Display48MP + 8MP + 2MP | 13MP Front Camera5000 mAh BatteryQualcomm Snapdragon 695 Processor1 Year Manufacturer Warranty for Phone and 6 Months Warranty for In the Box Accessories
10,"realme 9 5G SE (Azure Glow, 128 GB)","₹19,999",6 GB RAM | 128 GB ROM | Expandable Upto 1 TB16.76 cm (6.6 inch) Full HD+ Display48MP + 2MP + 2MP | 16MP Front Camera5000 mAh Lithium Polymer BatteryQualcomm Snapdragon 778G Processor1 Year Warranty for Phone and 6 Months Warranty for In-Box Accessories
11,"realme Narzo 50 (Speed Blue, 128 GB)","₹13,499",6 GB RAM | 128 GB ROM | Expandable Upto 256 GB16.76 cm (6.6 inch) Full HD+ Display50MP + 2MP + 2MP | 16MP Front Camera5000 mAh Lithium Polymer BatteryMediatek Helio G96 Processor1 Year Warranty for Phone and 6 Months Warranty for In-Box Accessories
12,"realme 9i 5G (Metallica Gold, 128 GB)","₹16,999",6 GB RAM | 128 GB ROM | Expandable Upto 1 TB16.76 cm (6.6 inch) Full HD+ Display50MP + 2MP + 2MP | 8MP Front Camera5000 mAh Lithium Ion BatteryMediatek Dimensity 810 5G Processor1 Year Manufacturer Warranty for Phone and 6 Months Warranty for In-Box Accessories
13,"REDMI Note 11S (Polar White, 64 GB)","₹13,933",6 GB RAM | 64 GB ROM16.33 cm (6.43 inch) Display108MP Rear Camera5000 mAh Battery1 Year Warranty
14,"Infinix Zero 5G 2023 (Submariner Black, 128 GB)","₹16,999",8 GB RAM | 128 GB ROM | Expandable Upto 256 GB17.22 cm (6.78 inch) Full HD+ Display50MP + 2MP + 2MP | 16MP Front Camera5000 mAh Lithium-ion Polymer BatteryMediatek Dimensity 920 Processor1 Year on Handset and 6 Months on Accessories
15,"realme 9i 5G (Soulful Blue, 128 GB)","₹16,999",6 GB RAM | 128 GB ROM | Expandable Upto 1 TB16.76 cm (6.6 inch) Full HD+ Display50MP + 2MP + 2MP | 8MP Front Camera5000 mAh Lithium Ion BatteryMediatek Dimensity 810 5G Processor1 Year Manufacturer Warranty for Phone and 6 Months Warranty for In-Box Accessories
16,"REDMI Note 11 (Horizon Blue, 64 GB)","₹12,837",6 GB RAM | 64 GB ROM16.33 cm (6.43 inch) Display50MP Rear Camera5000 mAh Battery1 Year Manufacturer Warranty for Handset and 6 Months Warranty for In the Box Accessories
17,"realme 9 5G SE (Starry Glow, 128 GB)","₹19,999",6 GB RAM | 128 GB ROM | Expandable Upto 1 TB16.76 cm (6.6 inch) Full HD+ Display48MP + 2MP + 2MP | 16MP Front Camera5000 mAh Lithium Polymer BatteryQualcomm Snapdragon 778G Processor1 Year Warranty for Phone and 6 Months Warranty for In-Box Accessories
18,"SAMSUNG Galaxy M33 5G (Deep Ocean Blue, 128 GB)","₹18,272",8 GB RAM | 128 GB ROM16.76 cm (6.6 inch) Display50MP Rear Camera6000 mAh Battery1 Year Warranty
19,"vivo Y56 5G (Black Engine, 128 GB)","₹19,999",8 GB RAM | 128 GB ROM16.71 cm (6.58 inch) Full HD+ Display50MP + 2MP | 16MP Front Camera5000 mAh BatteryMediatek Dimensity 700 Processor1 Year Manufacturer Warranty for Handset and 6 Months Manufacturer Warranty for In-Box Accessories
20,"REDMI Note 11s (Space Black, 128 GB)","₹16,990",8 GB RAM | 128 GB ROM16.33 cm (6.43 inch) Display50MP Rear Camera5000 mAh Battery12 Months Warranty
21,"SAMSUNG Galaxy F23 5G (Forest Green, 128 GB)","₹15,999",4 GB RAM | 128 GB ROM | Expandable Upto 1 TB16.76 cm (6.6 inch) Full HD+ Display50MP + 8MP + 2MP | 8MP Front Camera5000 mAh Lithium Ion BatteryQualcomm Snapdragon 750G Processor1 Year Warranty Provided by the Manufacturer from Date of Purchase
22,"SAMSUNG Galaxy A14 5G (Black, 64 GB)","₹16,499",4 GB RAM | 64 GB ROM | Expandable Upto 1 TB16.76 cm (6.6 inch) HD+ Display50MP + 2MP | 13MP Front Camera5000 mAh Lithium Ion BatterySEC S5E8535 (Exynos 1330) Processor1 Year Manufacturer Warranty for Device and 6 Months Manufacturer Warranty for In-Box Accessories
23,"REDMI Note 10S (Frost White, 64 GB)","₹12,999",6 GB RAM | 64 GB ROM | Expandable Upto 512 GB16.33 cm (6.43 inch) Full HD+ Super AMOLED Display64MP + 8MP + 2MP + 2MP | 13MP Front Camera5000 mAh Lithium-Ploymer BatteryMediatek Helio G95 Processor1 Year Manufacturer Warranty for Phone and 6 Months Warranty for In the Box Accessories
24,"REDMI Note 11 (Space Black, 64 GB)","₹11,722",4 GB RAM | 64 GB ROM16.33 cm (6.43 inch) Display50MP Rear Camera5000 mAh Battery12 Months Warranty
25,"REDMI Note 11 (Horizon Blue, 64 GB)","₹12,838",6 GB RAM | 64 GB ROM16.33 cm (6.43 inch) Display50MP Rear Camera5000 mAh Battery1 Year Manufacturer Warranty for Handset and 6 Months Warranty for In the Box Accessories
26,"realme 9 5G SE (Starry Glow, 128 GB)","₹19,999",6 GB RAM | 128 GB ROM | Expandable Upto 1 TB16.76 cm (6.6 inch) Full HD+ Display48MP + 2MP + 2MP | 16MP Front Camera5000 mAh Lithium Polymer BatteryQualcomm Snapdragon 778G Processor1 Year Warranty for Phone and 6 Months Warranty for In-Box Accessories
27,"SAMSUNG Galaxy M33 5G (Deep Ocean Blue, 128 GB)","₹18,272",8 GB RAM | 128 GB ROM16.76 cm (6.6 inch) Display50MP Rear Camera6000 mAh Battery1 Year Warranty
28,"vivo Y56 5G (Black Engine, 128 GB)","₹19,999",8 GB RAM | 128 GB ROM16.71 cm (6.58 inch) Full HD+ Display50MP + 2MP | 16MP Front Camera5000 mAh BatteryMediatek Dimensity 700 Processor1 Year Manufacturer Warranty for Handset and 6 Months Manufacturer Warranty for In-Box Accessories
29,"REDMI Note 11s (Space Black, 128 GB)","₹16,990",8 GB RAM | 128 GB ROM16.33 cm (6.43 inch) Display50MP Rear Camera5000 mAh Battery12 Months Warranty
30,"vivo Y33s (Mirror Black, 128 GB)","₹18,990",8 GB RAM | 128 GB ROM | Expandable Upto 1 TB16.71 cm (6.58 inch) Full HD+ Display50MP + 2MP + 2MP | 16MP Front Camera5000 mAh Lithium BatteryMediaTek Helio G80 Processor1 Year for Handset and 6 Months for In-box Accessories
31,"SAMSUNG Galaxy F23 5G (Forest Green, 128 GB)","₹15,999",4 GB RAM | 128 GB ROM | Expandable Upto 1 TB16.76 cm (6.6 inch) Full HD+ Display50MP + 8MP + 2MP | 8MP Front Camera5000 mAh Lithium Ion BatteryQualcomm Snapdragon 750G Processor1 Year Warranty Provided by the Manufacturer from Date of Purchase
32,"POCO M4 Pro 5G (Cool Blue, 128 GB)","₹15,499","6 GB RAM | 128 GB ROM | Expandable Upto 1 TB16.76 cm (6.6 inch) Full HD+ Display50MP + 8MP | 16MP Front Camera5000 mAh Lithium-ion Polymer BatteryMediatek Dimensity 810 ProcessorOne Year for Handset, 6 Months for Accessories"
33,"realme 10 (Rush Black, 128 GB)","₹16,999",8 GB RAM | 128 GB ROM | Expandable Upto 1 TB16.26 cm (6.4 inch) Full HD+ Display50MP + 2MP | 16MP Front Camera5000 mAh BatteryMediatek Helio G99 Octa Core Processor1 Year Manufacturer Warranty for Phone and 6 Months Warranty for In-Box Accessories
34,"SAMSUNG Galaxy A14 5G (Black, 64 GB)","₹16,499",4 GB RAM | 64 GB ROM | Expandable Upto 1 TB16.76 cm (6.6 inch) HD+ Display50MP + 2MP | 13MP Front Camera5000 mAh Lithium Ion BatterySEC S5E8535 (Exynos 1330) Processor1 Year Manufacturer Warranty for Device and 6 Months Manufacturer Warranty for In-Box Accessories
35,"REDMI Note 10S (Frost White, 64 GB)","₹12,999",6 GB RAM | 64 GB ROM | Expandable Upto 512 GB16.33 cm (6.43 inch) Full HD+ Super AMOLED Display64MP + 8MP + 2MP + 2MP | 13MP Front Camera5000 mAh Lithium-Ploymer BatteryMediatek Helio G95 Processor1 Year Manufacturer Warranty for Phone and 6 Months Warranty for In the Box Accessories
36,"SAMSUNG Galaxy F23 5G (Copper Blush, 128 GB)","₹15,999",4 GB RAM | 128 GB ROM | Expandable Upto 1 TB16.76 cm (6.6 inch) Full HD+ Display50MP + 8MP + 2MP | 8MP Front Camera5000 mAh Lithium Ion BatteryQualcomm Snapdragon 750G Processor1 Year Warranty Provided by the Manufacturer from Date of Purchase
37,"REDMI Note 11S (Horizon Blue, 128 GB)","₹17,990",8 GB RAM | 128 GB ROM16.33 cm (6.43 inch) Display108MP Rear Camera5000 mAh Battery1 Year Warranty
38,"SAMSUNG Galaxy A14 5G (Dark Red, 64 GB)","₹16,499",4 GB RAM | 64 GB ROM | Expandable Upto 1 TB16.76 cm (6.6 inch) HD+ Display50MP + 2MP | 13MP Front Camera5000 mAh Lithium Ion BatterySEC S5E8535 (Exynos 1330) Processor1 Year Manufacturer Warranty for Device and 6 Months Manufacturer Warranty for In-Box Accessories
39,"vivo Y35 (Dawn Gold, 128 GB)","₹18,499",8 GB RAM | 128 GB ROM16.71 cm (6.58 inch) Full HD+ Display50MP + 2MP + 2MP | 16MP Front Camera5000 mAh Lithium BatteryQualcomm Snapdragon 680 Processor1 Year of Device & 6 Months for In-Box Accessories
40,"realme 10 (Clash White, 128 GB)","₹16,999",8 GB RAM | 128 GB ROM | Expandable Upto 1 TB16.26 cm (6.4 inch) Full HD+ Display50MP + 2MP | 16MP Front Camera5000 mAh BatteryMediatek Helio G99 Octa Core Processor1 Year Manufacturer Warranty for Phone and 6 Months Warranty for In-Box Accessories
41,"IQOO Z6 Lite 5G (Without Charger) (Mystic Night, 128 GB)","₹16,399",6 GB RAM | 128 GB ROM16.97 cm (6.68 inch) Display50MP Rear Camera5000 mAh Battery1 Year
42,"REDMI 11 Prime 5G (Thunder Black, 128 GB)","₹15,990",6 GB RAM | 128 GB ROM16.71 cm (6.58 inch) Display5MP Rear Camera5000 mAh Battery1 Year Warranty
43,"SAMSUNG Galaxy A14 5G (Light Green, 128 GB)","₹18,999",6 GB RAM | 128 GB ROM | Expandable Upto 1 TB16.76 cm (6.6 inch) HD+ Display50MP + 2MP | 13MP Front Camera5000 mAh Lithium Ion BatterySEC S5E8535 (Exynos 1330) Processor1 Year Manufacturer Warranty for Device and 6 Months Manufacturer Warranty for In-Box Accessories
44,"Infinix Zero 5G 2023 (Coral Orange, 128 GB)","₹16,999",8 GB RAM | 128 GB ROM | Expandable Upto 256 GB17.22 cm (6.78 inch) Full HD+ Display50MP + 2MP + 2MP | 16MP Front Camera5000 mAh Lithium-ion Polymer BatteryMediatek Dimensity 920 Processor1 Year on Handset and 6 Months on Accessories
45,"Infinix Zero 5G 2023 (Pearly White, 128 GB)","₹16,999",8 GB RAM | 128 GB ROM | Expandable Upto 256 GB17.22 cm (6.78 inch) Full HD+ Display50MP + 2MP + 2MP | 16MP Front Camera5000 mAh Lithium-ion Polymer BatteryMediatek Dimensity 920 Processor1 Year on Handset and 6 Months on Accessories
46,"vivo Y35 (Agate Black, 128 GB)","₹18,499",8 GB RAM | 128 GB ROM16.71 cm (6.58 inch) Full HD+ Display50MP + 2MP + 2MP | 16MP Front Camera5000 mAh Lithium BatteryQualcomm Snapdragon 680 Processor1 Year of Device & 6 Months for In-Box Accessories
47,"vivo Y22 (Metaverse Green, 128 GB)","₹16,499",6 GB RAM | 128 GB ROM | Expandable Upto 1 TB16.64 cm (6.55 inch) HD+ Display50MP + 2MP | 8MP Front Camera5000 mAh Lithium BatteryMediatek Helio G70 Processor1 Year of Device & 6 Months for In-Box Accessories
48,"vivo Y35 (Agate Black, 128 GB)","₹18,499",8 GB RAM | 128 GB ROM16.71 cm (6.58 inch) Full HD+ Display50MP + 2MP + 2MP | 16MP Front Camera5000 mAh Lithium BatteryQualcomm Snapdragon 680 Processor1 Year of Device & 6 Months for In-Box Accessories
49,"REDMI Note 11 (Horizon Blue, 64 GB)","₹12,727",4 GB RAM | 64 GB ROM16.33 cm (6.43 inch) Display50MP Rear Camera5000 mAh Battery1 Year Warranty
50,"Infinix Zero 20 (Glitter Gold, 128 GB)","₹16,999",8 GB RAM | 128 GB ROM | Expandable Upto 2 TB17.02 cm (6.7 inch) Full HD+ Display108MP + 13MP + 2MP | 60 MP with OIS4500 mAh Lithium-ion Polymer BatteryMediatek G99 Processor1 Year on Handset and 6 Months on Accessories
51,"OPPO A77s (Sunset Orange, 128 GB)","₹17,999",8 GB RAM | 128 GB ROM | Expandable Upto 1 TB16.66 cm (6.56 inch) HD+ Display50MP + 2MP | 8MP Front Camera5000 mAh Lithium-ion Polymer BatteryQualcomm Snapdragon 680 Processor1 Year on Handset and 6 Months on Accessories
52,"vivo Y56 5G (Orange Shimmer, 128 GB)","₹19,999",8 GB RAM | 128 GB ROM16.71 cm (6.58 inch) Full HD+ Display50MP + 2MP | 16MP Front Camera5000 mAh BatteryMediatek Dimensity 700 Processor1 Year Manufacturer Warranty for Handset and 6 Months Manufacturer Warranty for In-Box Accessories
53,"REDMI Note 11S (Horizon Blue, 128 GB)","₹17,990",8 GB RAM | 128 GB ROM16.33 cm (6.43 inch) Display108MP Rear Camera5000 mAh Battery1 Year Warranty
54,"Infinix Zero 5G 2023 TURBO (Submariner Black, 256 GB)","₹19,999",8 GB RAM | 256 GB ROM | Expandable Upto 256 GB17.22 cm (6.78 inch) Full HD+ Display50MP + 2MP + 2MP | 16MP Front Camera5000 mAh Lithium-ion Polymer BatteryMediatek Dimensity 1080 Processor1 Year on Handset and 6 Months on Accessories
55,"REDMI Note 11S (Space Black, 128 GB)","₹15,490",6 GB RAM | 128 GB ROM16.33 cm (6.43 inch) Display108MP Rear Camera5000 mAh Battery1 Year Warranty
56,"Infinix Zero 20 (DEEP GRAY, 128 GB)","₹16,999",8 GB RAM | 128 GB ROM | Expandable Upto 2 TB17.02 cm (6.7 inch) Full HD+ Display108MP + 13MP + 2MP | 60 MP with OIS4500 mAh Lithium-ion Polymer BatteryMediatek G99 Processor1 Year on Handset and 6 Months on Accessories
57,"Infinix Zero 20 (Green Fantasy, 128 GB)","₹16,999",8 GB RAM | 128 GB ROM | Expandable Upto 2 TB17.02 cm (6.7 inch) Full HD+ Display108MP + 13MP + 2MP | 60 MP with OIS4500 mAh Lithium-ion Polymer BatteryMediatek G99 Processor1 Year on Handset and 6 Months on Accessories
58,"SAMSUNG Galaxy A14 5G (Light Green, 64 GB)","₹16,499",4 GB RAM | 64 GB ROM | Expandable Upto 1 TB16.76 cm (6.6 inch) HD+ Display50MP + 2MP | 13MP Front Camera5000 mAh Lithium Ion BatterySEC S5E8535 (Exynos 1330) Processor1 Year Manufacturer Warranty for Device and 6 Months Manufacturer Warranty for In-Box Accessories
59,"MOTOROLA G60 (Moonless, 128 GB)","₹15,999",6 GB RAM | 128 GB ROM17.22 cm (6.78 inch) Full HD+ Display108MP + 8MP + 2MP | 32MP Front Camera6000 mAh BatteryQualcomm Snapdragon 732G Processor120Hz Refresh RateStock Android Experience1 Year on Handset and 6 Months on Accessories
60,"vivo Y75 (Dancing waves, 128 GB)","₹19,990",8 GB RAM | 128 GB ROM | Expandable Upto 1 TB16.36 cm (6.44 inch) Full HD+ AMOLED Display50MP + 8MP + 2MP | 44MP Front Camera4050 mAh Lithium BatteryMediatek G96 Processor1 Year on Handset and 6 Months on Accessories
61,"SAMSUNG GALAXY M13 5G (?Stardust Brown, 128 GB)","₹14,850",6 GB RAM | 128 GB ROM16.51 cm (6.5 inch) Display50MP Rear Camera5000 mAh Battery12 Months Warranty
62,"REDMI 11 Prime 5G (Chrome Silver, 64 GB)","₹13,610",4 GB RAM | 64 GB ROM16.71 cm (6.58 inch) Display5MP Rear Camera5000 mAh Battery1 Year Warranty
63,"MOTOROLA g82 5G (Meterorite Grey, 128 GB)","₹19,999",6 GB RAM | 128 GB ROM | Expandable Upto 1 TB16.76 cm (6.6 inch) Full HD+ Display50MP + 8MP + 2MP | 16MP Front Camera5000 mAh Lithium BatteryQualcomm Snapdragon 695 5G Processor1 Year on Handset and 6 Months on Accessories
64,"REDMI Note 10S (Shadow Black, 128 GB)","₹16,499",8 GB RAM | 128 GB ROM | Expandable Upto 512 GB16.33 cm (6.43 inch) Full HD+ Super AMOLED Display64MP + 8MP + 2MP + 2MP | 13MP Front Camera5000 mAh Lithium-Ploymer BatteryMediatek Helio G95 Processor1 Year Manufacturer Warranty for Phone and 6 Months Warranty for In the Box Accessories
65,"REDMI 11 Prime 5G (Meadow Green, 128 GB)","₹16,630",6 GB RAM | 128 GB ROM16.71 cm (6.58 inch) Display5MP Rear Camera5000 mAh Battery1 Year Warranty
66,"vivo Y75 (Moonlight Shadow, 128 GB)","₹19,990",8 GB RAM | 128 GB ROM | Expandable Upto 1 TB16.36 cm (6.44 inch) Full HD+ AMOLED Display50MP + 8MP + 2MP | 44MP Front Camera4050 mAh Lithium BatteryMediatek G96 Processor1 Year on Handset and 6 Months on Accessories
67,"vivo Y22 (Starlit Blue, 128 GB)","₹16,499",6 GB RAM | 128 GB ROM | Expandable Upto 1 TB16.64 cm (6.55 inch) HD+ Display50MP + 2MP | 8MP Front Camera5000 mAh Lithium BatteryMediatek Helio G70 Processor1 Year of Device & 6 Months for In-Box Accessories
68,"vivo Y565G (Black Engine, 128 GB)","₹19,990",8 GB RAM | 128 GB ROM16.71 cm (6.58 inch) Full HD+ Display50MP + 2MP | 16MP Front Camera5000 mAh BatteryMTK Dimensity 700 Processor1 Year Manufacturer Warranty for Phone and 6 Months Warranty for In-Box Accessories
69,"Infinix Note 12 Pro (Tuscany Blue, 256 GB)","₹16,999",8 GB RAM | 256 GB ROM | Expandable Upto 2 TB17.02 cm (6.7 inch) Full HD+ AMOLED Display108MP + 2MP Depth Lens + AI lens | 16MP Front Camera5000 mAh Lithium Ion Polymer BatteryMediatek Helio G99 Processor1 Year on Handset and 6 Months on Accessories
70,"Infinix Note 12 Pro (Volcanic Grey, 256 GB)","₹16,999",8 GB RAM | 256 GB ROM | Expandable Upto 2 TB17.02 cm (6.7 inch) Full HD+ AMOLED Display108MP + 2MP Depth Lens + AI lens | 16MP Front Camera5000 mAh Lithium Ion Polymer BatteryMediatek Helio G99 Processor1 Year on Handset and 6 Months on Accessories
71,"REDMI Note 11S (Horizon Blue, 128 GB)","₹15,388",6 GB RAM | 128 GB ROM16.33 cm (6.43 inch) Display108MP Rear Camera5000 mAh Battery1 Year Warranty
72,"SAMSUNG Galaxy A13 (Black, 128 GB)","₹16,499",6 GB RAM | 128 GB ROM | Expandable Upto 1 TB16.76 cm (6.6 inch) Full HD+ Display50MP + 5MP + 2MP + 2MP | 8MP Front Camera5000 mAh Lithium Ion BatteryExynos Octa Core Processor1 Year Manufacturer Warranty for Device and 6 months Manufacturer Warranty for In-Box Accessories from Date of Purchase
73,"SAMSUNG Galaxy A13 (Blue, 128 GB)","₹16,499",6 GB RAM | 128 GB ROM | Expandable Upto 1 TB16.76 cm (6.6 inch) Full HD+ Display50MP + 5MP + 2MP + 2MP | 8MP Front Camera5000 mAh Lithium Ion BatteryExynos Octa Core Processor1 Year Manufacturer Warranty for Device and 6 months Manufacturer Warranty for In-Box Accessories from Date of Purchase
74,"POCO X4 Pro 5G (Yellow, 128 GB)","₹19,999","6 GB RAM | 128 GB ROM | Expandable Upto 1 TB16.94 cm (6.67 inch) Full HD+ Super AMOLED Display64MP + 8MP + 2MP | 16MP Front Camera5000 mAh Lithium-ion Polymer BatteryQualcomm Snapdragon 695 5G ProcessorOne Year for Handset, 6 Months for Accessories"
75,"realme 8 5G (Supersonic Blue, 128 GB)","₹16,499",4 GB RAM | 128 GB ROM | Expandable Upto 1 TB16.51 cm (6.5 inch) Full HD+ Display48MP + 2MP + 2MP | 16MP Front Camera5000 mAh BatteryMediaTek Dimensity 700 (MT6833) Processor1 Year Warranty for Mobile and 6 Months for Accessories
76,"SAMSUNG Galaxy M32 Prime Edition (Black, 128 GB)","₹15,200",6 GB RAM | 128 GB ROM16.26 cm (6.4 inch) Display64MP Rear Camera6000 mAh Battery12 months on phone & 6 months on accessories
77,"SAMSUNG Galaxy A23 (Peach, 128 GB)","₹19,990",8 GB RAM | 128 GB ROM | Expandable Upto 1 TB16.76 cm (6.6 inch) Full HD+ Display50MP Rear Camera | 8MP Front Camera5000 mAh Li-Ion BatteryOcta-core(EXYNOS) Processor1 year manufacturer warranty for device and 6 months manufacturer warranty for in-box
78,"REDMI Note 12 5G (Matte Black, 128 GB)","₹20,477",6 GB RAM | 128 GB ROM16.94 cm (6.67 inch) Display48MP Rear Camera5000 mAh Battery12 Months
79,"REDMI Note 12 5G (Matte Black, 128 GB)","₹17,980",4 GB RAM | 128 GB ROM16.94 cm (6.67 inch) Display48MP Rear Camera5000 mAh Battery12 Months
80,"realme 9 5G (Stargaze White, 128 GB)","₹17,499",6 GB RAM | 128 GB ROM | Expandable Upto 1 TB16.51 cm (6.5 inch) Full HD+ Display48MP + 2MP + 2MP | 16MP Front Camera5000 mAh Lithium Polymer BatteryMediatek Dimensity 810 Processor1 Year Warranty for Phone and 6 Months Warranty for In-Box Accessories
81,"realme 9 5G (Meteor Black, 64 GB)","₹15,999",4 GB RAM | 64 GB ROM | Expandable Upto 1 TB16.51 cm (6.5 inch) Full HD+ Display48MP + 2MP + 2MP | 16MP Front Camera5000 mAh Lithium Polymer BatteryMediatek Dimensity 810 Processor1 Year Warranty for Phone and 6 Months Warranty for In-Box Accessories
82,"vivo T1 44W (Ice Dawn, 128 GB)","₹14,499",4 GB RAM | 128 GB ROM | Expandable Upto 1 TB16.36 cm (6.44 inch) Full HD+ AMOLED Display50MP + 2MP + 2MP | 16MP Front Camera5000 mAh Lithium BatteryQualcomm Snapdragon 680 Processor1 Year Handset and 6 Months Accessories
83,"SAMSUNG Galaxy M33 5G (Deep Ocean Blue, 128 GB)","₹16,150",6 GB RAM | 128 GB ROM16.76 cm (6.6 inch) Display50MP Rear Camera6000 mAh Battery1 Year Warranty
84,"REDMI Note 11 (Space Black, 128 GB)","₹14,999",6 GB RAM | 128 GB ROM16.33 cm (6.43 inch) Display50MP Rear Camera5000 mAh Battery12 months
85,"REDMI Note 11S (Horizon Blue, 64 GB)","₹13,998",6 GB RAM | 64 GB ROM16.33 cm (6.43 inch) Display108MP Rear Camera5000 mAh Battery1 Year Manufacturer Warranty for Handset and 6 Months Warranty for In the Box Accessories
86,"SAMSUNG Galaxy M33 5G (Emerald Brown, 128 GB)","₹17,990",8 GB RAM | 128 GB ROM16.76 cm (6.6 inch) Display50MP Rear Camera6000 mAh Battery12 Months Warranty
87,"SAMSUNG GALAXY M13 5G (Aqua Green, 128 GB)","₹14,189",6 GB RAM | 128 GB ROM16.51 cm (6.5 inch) Display50MP Rear Camera5000 mAh Battery12 Months Warranty
88,"OPPO F19s (Glowing Black, 128 GB)","₹16,990",6 GB RAM | 128 GB ROM | Expandable Upto 256 GB16.33 cm (6.43 inch) Full HD+ Display48MP + 2MP + 2MP | 16MP Front Camera5000 mAh BatteryQualcomm Snapdragon 662 ProcessorBrand Warranty of 1 Year Available for Mobile Including Battery and 6 Months for Accessories
89,"IQOO Z6 44W (Lumina Blue, 128 GB)","₹16,100",6 GB RAM | 128 GB ROM16.36 cm (6.44 inch) Display50MP + 50MP + 2MP + 2MP | 16MP + 16MP Dual Front Camera5000 mAh Battery1 Year
90,"REDMI Note 11 (Horizon Blue, 64 GB)","₹12,170",4 GB RAM | 64 GB ROM16.33 cm (6.43 inch) Display50MP Rear Camera5000 mAh Battery1 Year Warranty
91,"REDMI 11 Prime 5G (Chrome Silver, 64 GB)","₹13,290",4 GB RAM | 64 GB ROM16.71 cm (6.58 inch) Display5MP Rear Camera5000 mAh Battery1 Year Warranty
92,"IQOO Z6 Lite 5G (Stellar Green, 128 GB)","₹15,690",6 GB RAM | 128 GB ROM16.97 cm (6.68 inch) Display50MP Rear Camera5000 mAh Battery1 Year
93,"SAMSUNG GALAXY M13 5G (?Stardust Brown, 128 GB)","₹14,689",6 GB RAM | 128 GB ROM16.51 cm (6.5 inch) Display50MP Rear Camera5000 mAh Battery12 Months Warranty
94,"realme 8 5G (Supersonic Black, 128 GB)","₹18,499",8 GB RAM | 128 GB ROM | Expandable Upto 1 TB16.51 cm (6.5 inch) Full HD+ Display48MP + 2MP + 2MP | 16MP Front Camera5000 mAh BatteryMediaTek Dimensity 700 (MT6833) Processor1 Year Warranty for Mobile and 6 Months for Accessories
95,"realme 8 5G (Supersonic Black, 64 GB)","₹15,499",4 GB RAM | 64 GB ROM | Expandable Upto 1 TB16.51 cm (6.5 inch) Full HD+ Display48MP + 2MP + 2MP | 16MP Front Camera5000 mAh BatteryMediaTek Dimensity 700 (MT6833) Processor1 Year Warranty for Mobile and 6 Months for Accessories
96,"REDMI Note 11S (Space Black, 64 GB)","₹15,890",6 GB RAM | 64 GB ROM16.33 cm (6.43 inch) Display108MP Rear Camera5000 mAh Battery1 Year Manufacturer Warranty for Handset and 6 Months Warranty for In the Box Accessories
97,"REDMI 11 Prime 5G (Chrome Silver, 128 GB)","₹15,990",6 GB RAM | 128 GB ROM16.71 cm (6.58 inch) Display5MP Rear Camera5000 mAh Battery1 Year Warranty
98,"vivo Y21T (Pearl White, 128 GB)","₹15,499",4 GB RAM | 128 GB ROM | Expandable Upto 1 TB16.71 cm (6.58 inch) Full HD+ Display50MP + 2MP + 2MP | 8MP Front Camera5000 mAh Lithium BatteryQualcomm Snapdragon 680 Processor1 Year for Device & 6 Months for In-box Accessories
99,"MOTOROLA G40 Fusion (Frosted Champagne, 128 GB)","₹16,499",6 GB RAM | 128 GB ROM17.22 cm (6.78 inch) Full HD+ Display64MP + 8MP + 2MP | 16MP Front Camera6000 mAh BatteryQualcomm Snapdragon 732G Processor120Hz Refresh RateStock Android Experience1 Year on Handset and 6 Months on Accessories
100,"SAMSUNG Galaxy A23 (Black, 128 GB)","₹17,499",6 GB RAM | 128 GB ROM | Expandable Upto 1 TB16.76 cm (6.6 inch) Full HD+ Display50MP Rear Camera | 8MP Front Camera5000 mAh Li-Ion BatteryOcta-core(EXYNOS) Processor1 year manufacturer warranty for device and 6 months manufacturer warranty for in-box
101,"OPPO A74 5G (Fantastic Purple, 128 GB)","₹18,990",6 GB RAM | 128 GB ROM16.48 cm (6.49 inch) Display48MP + 2MP + 2MP | 8MP Front Camera5000 mAh BatteryBrand Warranty of 1 Year Available for Mobile Including Battery and 6 Months for Accessories
102,"REDMI Note 10S (Deep Sea Blue, 128 GB)","₹16,499",8 GB RAM | 128 GB ROM | Expandable Upto 512 GB16.33 cm (6.43 inch) Full HD+ Super AMOLED Display64MP + 8MP + 2MP + 2MP | 13MP Front Camera5000 mAh Lithium-Ploymer BatteryMediatek Helio G95 Processor1 Year Manufacturer Warranty for Phone and 6 Months Warranty for In the Box Accessories
103,"OPPO A78 5G (Glowing Black, 128 GB)","₹18,729",8 GB RAM | 128 GB ROM16.66 cm (6.56 inch) Display13MP Rear Camera5000 mAh Battery12 Months
104,"VIVO Y565G (Orange Shimmer, 128 GB)","₹19,990",8 GB RAM | 128 GB ROM | Expandable Upto 1 TB16.71 cm (6.58 inch) Full HD+ Display50MP + 2MP | 16MP Front Camera5000 mAh BatteryMTK Dimensity 700 Processor1 Year Manufacturer Warranty for Handset and 6 Months Manufacturer Warranty for In-Box Accessories
105,"vivo Y21T (Midnight Blue, 128 GB)","₹15,499",4 GB RAM | 128 GB ROM | Expandable Upto 1 TB16.71 cm (6.58 inch) Full HD+ Display50MP + 2MP + 2MP | 8MP Front Camera5000 mAh Lithium BatteryQualcomm Snapdragon 680 Processor1 Year for Device & 6 Months for In-box Accessories
106,"realme 8 5G (Supersonic Black, 128 GB)","₹16,499",4 GB RAM | 128 GB ROM | Expandable Upto 1 TB16.51 cm (6.5 inch) Full HD+ Display48MP + 2MP + 2MP | 16MP Front Camera5000 mAh BatteryMediaTek Dimensity 700 (MT6833) Processor1 Year Warranty for Mobile and 6 Months for Accessories
107,"IQOO Z6 44W (Raven Black, 128 GB)","₹16,599",6 GB RAM | 128 GB ROM16.36 cm (6.44 inch) Display50MP + 50MP + 2MP + 2MP | 16MP + 16MP Dual Front Camera5000 mAh Battery1 Year
108,"SAMSUNG Galaxy A23 (Peach, 128 GB)","₹17,499",6 GB RAM | 128 GB ROM | Expandable Upto 1 TB16.76 cm (6.6 inch) Full HD+ Display50MP Rear Camera | 8MP Front Camera5000 mAh Li-Ion BatteryOcta-core(EXYNOS) Processor1 year manufacturer warranty for device and 6 months manufacturer warranty for in-box
109,"SAMSUNG Galaxy M32 Prime Edition (Black, 128 GB)","₹14,999",6 GB RAM | 128 GB ROM16.26 cm (6.4 inch) Display64MP Rear Camera6000 mAh Battery12 Months Warranty
110,"SAMSUNG Galaxy A23 (Blue, 128 GB)","₹17,499",6 GB RAM | 128 GB ROM | Expandable Upto 1 TB16.76 cm (6.6 inch) Full HD+ Display50MP Rear Camera | 8MP Front Camera5000 mAh Li-Ion BatteryOcta-core(EXYNOS) Processor1 year manufacturer warranty for device and 6 months manufacturer warranty for in-box
111,"REDMI Note 12 5G (Mystique Blue, 128 GB)","₹20,472",6 GB RAM | 128 GB ROM16.94 cm (6.67 inch) Display48MP Rear Camera5000 mAh Battery12 Months
112,"POCO X4 Pro 5G (Laser Blue, 128 GB)","₹19,999","6 GB RAM | 128 GB ROM | Expandable Upto 1 TB16.94 cm (6.67 inch) Full HD+ Super AMOLED Display64MP + 8MP + 2MP | 16MP Front Camera5000 mAh Lithium-ion Polymer BatteryQualcomm Snapdragon 695 5G ProcessorOne Year for Handset, 6 Months for Accessories"
113,"REDMI Note 12 5G (Frosted Green, 128 GB)","₹17,990",4 GB RAM | 128 GB ROM16.94 cm (6.67 inch) Display48MP Rear Camera5000 mAh Battery12 Months
114,"vivo Y33s (Midday Dream, 128 GB)","₹18,990",8 GB RAM | 128 GB ROM | Expandable Upto 1 TB16.71 cm (6.58 inch) Full HD+ Display50MP + 2MP + 2MP | 16MP Front Camera5000 mAh Lithium BatteryMediaTek Helio G80 Processor1 Year for Handset and 6 Months for In-box Accessories
115,"realme 9 5G (Stargaze White, 64 GB)","₹15,999",4 GB RAM | 64 GB ROM | Expandable Upto 1 TB16.51 cm (6.5 inch) Full HD+ Display48MP + 2MP + 2MP | 16MP Front Camera5000 mAh Lithium Polymer BatteryMediatek Dimensity 810 Processor1 Year Warranty for Phone and 6 Months Warranty for In-Box Accessories
116,"OPPO A77 (Sky Blue, 64 GB)","₹15,499",4 GB RAM | 64 GB ROM | Expandable Upto 1 TB16.66 cm (6.56 inch) HD+ Display50MP + 2MP | 8MP Front Camera5000 mAh Lithium-ion Polymer BatteryMediatek Helio G35 Processor1 Year on Handset and 6 Months on Accessories
117,"POCO M4 Pro (Power Black, 128 GB)","₹16,499","6 GB RAM | 128 GB ROM | Expandable Upto 1 TB16.33 cm (6.43 inch) Full HD+ AMOLED Display64MP + 8MP + 2MP | 16MP Front Camera5000 mAh Lithium-ion Polymer BatteryMediatek Helio G96 ProcessorOne Year for Handset, 6 Months for Accessories"
118,"REDMI Note 11T 5G (Stardust White, 128 GB)","₹20,996",8 GB RAM | 128 GB ROM16.76 cm (6.6 inch) Display50MP Rear Camera5000 mAh Battery1 Year Warranty
119,"OPPO A55 (Starry Black, 128 GB)","₹14,999",6 GB RAM | 128 GB ROM | Expandable Upto 256 GB16.54 cm (6.51 inch) HD+ Display50MP + 2MP + 2MP | 16MP Front Camera5000 mAh Lithium-ion Polymer BatteryMediaTek Helio G35 ProcessorBrand Warranty of 1 Year Available for Mobile Including Battery and 6 Months for Accessories
120,"OPPO A55 (Starry Black, 128 GB)","₹15,999",6 GB RAM | 128 GB ROM | Expandable Upto 256 GB16.54 cm (6.51 inch) HD+ Display50MP + 2MP + 2MP | 16MP Front Camera5000 mAh Lithium-ion Polymer BatteryMediaTek Helio G35 ProcessorBrand Warranty of 1 Year Available for Mobile Including Battery and 6 Months for Accessories
121,"OPPO A 78 5G (Black, 128 GB)","₹18,798",8 GB RAM | 128 GB ROM16.66 cm (6.56 inch) Display50MP Rear Camera5000 mAh Battery1 Year Warranty and 6 Months Warranty for In-Box
122,"SAMSUNG Galaxy A13 (Green, 128 GB)","₹14,999",4 GB RAM | 128 GB ROM | Expandable Upto 1 TB16.76 cm (6.6 inch) Full HD+ Display50MP + 5MP + 2MP + 2MP | 8MP Front Camera5000 mAh Lithium Ion BatteryExynos Octa Core Processor1 Year Manufacturer Warranty for Device and 6 months Manufacturer Warranty for In-Box Accessories from Date of Purchase
123,"OPPO A74 5G BLACK (Fluid Black, 128 GB)","₹18,090",6 GB RAM | 128 GB ROM16.48 cm (6.49 inch) Display48MP + 2MP + 2MP | 8MP Front Camera5000 mAh BatteryBrand Warranty of 1 Year Available for Mobile Including Battery and 6 Months for Accessories
124,"SAMSUNG Galaxy A23 (Blue, 128 GB)","₹18,999",8 GB RAM | 128 GB ROM | Expandable Upto 1 TB16.76 cm (6.6 inch) Full HD+ Display50MP Rear Camera | 8MP Front Camera5000 mAh Li-Ion BatteryOcta-core(EXYNOS) Processor1 year manufacturer warranty for device and 6 months manufacturer warranty for in-box
125,"SAMSUNG Galaxy A14 5G (Black, 128 GB)","₹18,999",6 GB RAM | 128 GB ROM | Expandable Upto 1 TB16.76 cm (6.6 inch) HD+ Display50MP + 2MP | 13MP Front Camera5000 mAh Lithium Ion BatterySEC S5E8535 (Exynos 1330) Processor1 Year Manufacturer Warranty for Device and 6 Months Manufacturer Warranty for In-Box Accessories
126,"REDMI Note 11T 5G (Stardust White, 128 GB)","₹18,990",6 GB RAM | 128 GB ROM16.76 cm (6.6 inch) Display50MP Rear Camera5000 mAh Battery1 Year Warranty
127,"SAMSUNG Galaxy A13 (Black, 128 GB)","₹14,999",4 GB RAM | 128 GB ROM | Expandable Upto 1 TB16.76 cm (6.6 inch) Full HD+ Display50MP + 5MP + 2MP + 2MP | 8MP Front Camera5000 mAh Lithium Ion BatteryExynos Octa Core Processor1 Year Manufacturer Warranty for Device and 6 months Manufacturer Warranty for In-Box Accessories from Date of Purchase
128,"Infinix Zero 5G 2023 TURBO (Coral Orange, 256 GB)","₹19,999",8 GB RAM | 256 GB ROM | Expandable Upto 256 GB17.22 cm (6.78 inch) Full HD+ Display50MP + 2MP + 2MP | 16MP Front Camera5000 mAh Lithium-ion Polymer BatteryMediatek Dimensity 1080 Processor1 Year on Handset and 6 Months on Accessories
129,"Infinix Zero 5G 2023 TURBO (Pearly White, 256 GB)","₹19,999",8 GB RAM | 256 GB ROM | Expandable Upto 256 GB17.22 cm (6.78 inch) Full HD+ Display50MP + 2MP + 2MP | 16MP Front Camera5000 mAh Lithium-ion Polymer BatteryMediatek Dimensity 1080 Processor1 Year on Handset and 6 Months on Accessories
130,"realme 9 5G (Supersonic Black, 64 GB)","₹15,999",4 GB RAM | 64 GB ROM | Expandable Upto 1 TB16.51 cm (6.5 inch) Full HD+ Display48MP + 2MP + 2MP | 16MP Front Camera5000 mAh Lithium Polymer BatteryMediatek Dimensity 810 Processor1 Year Warranty for Phone and 6 Months Warranty for In-Box Accessories
131,"POCO X2 (Matrix Purple, 64 GB)","₹17,999",6 GB RAM | 64 GB ROM | Expandable Upto 512 GB16.94 cm (6.67 inch) Full HD+ Display64MP + 8MP + 2MP + 2MP | 20MP + 2MP Dual Front Camera4500 mAh Lithium-ion Polymer BatteryQualcomm Snapdragon 730G ProcessorBrand Warranty of 1 Year Available for Mobile and 6 Months for Accessories
132,"OPPO A77 (Sunset Orange, 128 GB)","₹15,999",4 GB RAM | 128 GB ROM | Expandable Upto 1 TB16.66 cm (6.56 inch) HD+ Display50MP + 2MP | 8MP Front Camera5000 mAh Lithium-ion Polymer BatteryMediatek Helio G35 Processor1 Year on Handset and 6 Months on Accessories
133,"OPPO A77 (Sky Blue, 128 GB)","₹15,999",4 GB RAM | 128 GB ROM | Expandable Upto 1 TB16.66 cm (6.56 inch) HD+ Display50MP + 2MP | 8MP Front Camera5000 mAh Lithium-ion Polymer BatteryMediatek Helio G35 Processor1 Year on Handset and 6 Months on Accessories
134,"realme Narzo 30 (Racing Blue, 128 GB)","₹15,499",6 GB RAM | 128 GB ROM | Expandable Upto 256 GB16.51 cm (6.5 inch) Full HD+ Display48MP + 2MP + 2MP | 16MP Front Camera5000 mAh BatteryMediaTek Helio G95 Processor30W Charger1 Year Warranty for Mobile and 6 Months for Accessories
135,"OPPO A55 (Starry Black, 64 GB)","₹13,999",4 GB RAM | 64 GB ROM | Expandable Upto 256 GB16.54 cm (6.51 inch) HD+ Display50MP + 2MP + 2MP | 16MP Front Camera5000 mAh Lithium-ion Polymer BatteryMediaTek Helio G35 ProcessorBrand Warranty of 1 Year Available for Mobile Including Battery and 6 Months for Accessories
136,"vivo T1 5G (Rainbow Fantasy, 128 GB)","₹19,990",8 GB RAM | 128 GB ROM | Expandable Upto 1 TB16.71 cm (6.58 inch) Full HD+ Display50MP + 2MP + 2MP | 16MP Front Camera5000 mAh Lithium BatteryQualcomm Snapdragon 695 Processor1 Year Handset and 6 Months Accessories
137,"vivo T1 5G (Starlight Black, 128 GB)","₹19,990",8 GB RAM | 128 GB ROM | Expandable Upto 1 TB16.71 cm (6.58 inch) Full HD+ Display50MP + 2MP + 2MP | 16MP Front Camera5000 mAh Lithium BatteryQualcomm Snapdragon 695 Processor1 Year Handset and 6 Months Accessories
138,"SAMSUNG Galaxy A14 5G (Dark Red, 128 GB)","₹18,999",6 GB RAM | 128 GB ROM | Expandable Upto 1 TB16.76 cm (6.6 inch) HD+ Display50MP + 2MP | 13MP Front Camera5000 mAh Lithium Ion BatterySEC S5E8535 (Exynos 1330) Processor1 Year Manufacturer Warranty for Device and 6 Months Manufacturer Warranty for In-Box Accessories
139,"REDMI 10 Prime (Astral White, 128 GB)","₹14,999",6 GB RAM | 128 GB ROM | Expandable Upto 512 GB16.51 cm (6.5 inch) Full HD Display50MP + 8MP + 2MP + 2MP | 8MP Front Camera6000 mAh BatteryHelio G88 Processor1 Year Manufacturer Warranty for Handset and 6 Months Warranty for In the Box Accessories
140,"realme Narzo 30 (Racing Silver, 128 GB)","₹15,499",6 GB RAM | 128 GB ROM | Expandable Upto 256 GB16.51 cm (6.5 inch) Full HD+ Display48MP + 2MP + 2MP | 16MP Front Camera5000 mAh BatteryMediaTek Helio G95 Processor30W Charger1 Year Warranty for Mobile and 6 Months for Accessories
141,"POCO M4 Pro 5G (Power Black, 128 GB)","₹16,999","6 GB RAM | 128 GB ROM | Expandable Upto 1 TB16.76 cm (6.6 inch) Full HD+ Display50MP + 8MP | 16MP Front Camera5000 mAh Lithium-ion Polymer BatteryMediatek Dimensity 810 ProcessorOne Year for Handset, 6 Months for Accessories"
142,"POCO X4 Pro 5G (Laser Black, 128 GB)","₹19,999","6 GB RAM | 128 GB ROM | Expandable Upto 1 TB16.94 cm (6.67 inch) Full HD+ Super AMOLED Display64MP + 8MP + 2MP | 16MP Front Camera5000 mAh Lithium-ion Polymer BatteryQualcomm Snapdragon 695 5G ProcessorOne Year for Handset, 6 Months for Accessories"
143,"REDMI Note 10S (Frost White, 128 GB)","₹16,499",8 GB RAM | 128 GB ROM | Expandable Upto 512 GB16.33 cm (6.43 inch) Full HD+ Super AMOLED Display64MP + 8MP + 2MP + 2MP | 13MP Front Camera5000 mAh Lithium-Ploymer BatteryMediatek Helio G95 Processor1 Year Manufacturer Warranty for Phone and 6 Months Warranty for In the Box Accessories
144,"realme 9 Pro 5G (Midnight Black, 128 GB)","₹18,999",6 GB RAM | 128 GB ROM | Expandable Upto 256 GB16.76 cm (6.6 inch) Full HD+ Display64MP + 8MP + 2MP | 16MP Front Camera5000 mAh Li-ion BatteryQualcomm Snapdragon 695 Processor1 Year Warranty for Phone and 6 Months Warranty for In-Box Accessories
145,"POCO X4 Pro 5G (Yellow, 64 GB)","₹18,999","6 GB RAM | 64 GB ROM | Expandable Upto 1 TB16.94 cm (6.67 inch) Full HD+ Super AMOLED Display64MP + 8MP + 2MP | 16MP Front Camera5000 mAh Lithium-ion Polymer BatteryQualcomm Snapdragon 695 5G ProcessorOne Year for Handset, 6 Months for Accessories"
146,"Infinix Note 11s Free Fire Edition (Haze Green, 128 GB)","₹15,999",8 GB RAM | 128 GB ROM | Expandable Upto 512 GB17.65 cm (6.95 inch) Full HD+ Display50 MP + 2 MP Depth Lens + 2 MP Macro Lens | 16MP Front Camera5000 mAh Li-ion Polymer BatteryMediaTek Helio G96 Processor1 Year on Handset and 6 Months on Accessories
147,"SAMSUNG Galaxy A23 (Black, 128 GB)","₹19,989",8 GB RAM | 128 GB ROM | Expandable Upto 1 TB16.76 cm (6.6 inch) Full HD+ Display50MP Rear Camera | 8MP Front Camera5000 mAh Li-Ion BatteryOcta-core(EXYNOS) Processor1 year manufacturer warranty for device and 6 months manufacturer warranty for in-box
148,"realme narzo 50 5G (Hyper Black, 128 GB)","₹16,490",4 MB RAM | 128 GB ROM16.76 cm (6.6 inch) Display48MP Rear Camera5000 mAh Battery12Months Brand Warranty
149,"OPPO A76 (Glowing Blue, 128 GB)","₹16,490",6 GB RAM | 128 GB ROM | Expandable Upto 1 TB16.66 cm (6.56 inch) HD+ Display13MP + 2MP | 8MP Front Camera5000 mAh Lithium Ion BatteryQualcomm Snapdragon 680 Processor1 Year Manufacturer Warranty for Phone and 6 Months Warranty for In-Box Accessories
150,"realme 8 (Cyber Silver, 128 GB)","₹17,999",8 GB RAM | 128 GB ROM | Expandable Upto 256 GB16.26 cm (6.4 inch) Full HD+ Display64MP + 8MP + 2MP + 2MP | 16MP Front Camera5000 mAh BatteryMediaTek Helio G95 ProcessorSuper AMOLED Display1 Year Warranty for Mobile and 6 Months for Accessories
151,"realme 7 (Mist White, 64 GB)","₹17,999",6 GB RAM | 64 GB ROM | Expandable Upto 256 GB16.51 cm (6.5 inch) Full HD+ Display64MP + 8MP + 2MP + 2MP | 16MP Front Camera5000 mAh Lithium-ion BatteryMediaTek Helio G95 ProcessorBrand Warranty of 1 Year Available for Mobile and 6 Months for Accessories
152,"POCO X4 Pro 5G (Laser Blue, 64 GB)","₹18,999","6 GB RAM | 64 GB ROM | Expandable Upto 1 TB16.94 cm (6.67 inch) Full HD+ Super AMOLED Display64MP + 8MP + 2MP | 16MP Front Camera5000 mAh Lithium-ion Polymer BatteryQualcomm Snapdragon 695 5G ProcessorOne Year for Handset, 6 Months for Accessories"
153,"Infinix Note 11s Free Fire Edition (Mithril Grey, 128 GB)","₹15,999",8 GB RAM | 128 GB ROM | Expandable Upto 512 GB17.65 cm (6.95 inch) Full HD+ Display50 MP + 2 MP Depth Lens + 2 MP Macro Lens | 16MP Front Camera5000 mAh Li-ion Polymer BatteryMediaTek Helio G96 Processor1 Year on Handset and 6 Months on Accessories
154,"POCO X2 (Matrix Purple, 64 GB)","₹17,999",6 GB RAM | 64 GB ROM | Expandable Upto 512 GB16.94 cm (6.67 inch) Full HD+ Display64MP + 8MP + 2MP + 2MP | 20MP + 2MP Dual Front Camera4500 mAh Lithium-ion Polymer BatteryQualcomm Snapdragon 730G ProcessorBrand Warranty of 1 Year Available for Mobile and 6 Months for Accessories
155,"POCO X4 Pro 5G (Laser Black, 64 GB)","₹18,999","6 GB RAM | 64 GB ROM | Expandable Upto 1 TB16.94 cm (6.67 inch) Full HD+ Super AMOLED Display64MP + 8MP + 2MP | 16MP Front Camera5000 mAh Lithium-ion Polymer BatteryQualcomm Snapdragon 695 5G ProcessorOne Year for Handset, 6 Months for Accessories"
156,"REDMI Note 11T 5G (Matte black, 128 GB)","₹18,999",6 GB RAM | 128 GB ROM16.76 cm (6.6 inch) Display50MP Rear Camera5000 mAh Battery12 Months Warranty
157,"realme 9 (Meteor Black, 128 GB)","₹17,999",8 GB RAM | 128 GB ROM | Expandable Upto 256 GB16.26 cm (6.4 inch) Full HD+ AMOLED Display108MP + 8MP + 2MP | 16MP Front Camera5000 mAh Lithium Ion BatteryQualcomm Snapdragon 680 Processor1 Year Manufacturer Warranty for Phone and 6 Months Warranty for In-Box Accessories
158,"realme 9 (Meteor Black, 128 GB)","₹16,999",6 GB RAM | 128 GB ROM | Expandable Upto 256 GB16.26 cm (6.4 inch) Full HD+ AMOLED Display108MP + 8MP + 2MP | 16MP Front Camera5000 mAh Lithium Ion BatteryQualcomm Snapdragon 680 Processor1 Year Manufacturer Warranty for Phone and 6 Months Warranty for In-Box Accessories
159,"OPPO A96 (Sunset Blue, 128 GB)","₹17,999",8 GB RAM | 128 GB ROM16.74 cm (6.59 inch) Full HD+ Display50MP + 2MP | 16MP Front Camera5000 mAh Lithium Ion BatteryQualcomm Snapdragon 680 Processor1 Year Manufacturer Warranty for Device and 6 months Manufacturer Warranty for In-Box Accessories from Date of Purchase
160,"MOTOROLA G40 Fusion (Dynamic Gray, 128 GB)","₹16,499",6 GB RAM | 128 GB ROM17.22 cm (6.78 inch) Full HD+ Display64MP + 8MP + 2MP | 16MP Front Camera6000 mAh BatteryQualcomm Snapdragon 732G Processor120Hz Refresh RateStock Android Experience1 Year on Handset and 6 Months on Accessories
161,"realme 8 (Cyber Silver, 128 GB)","₹15,999",4 GB RAM | 128 GB ROM | Expandable Upto 256 GB16.26 cm (6.4 inch) Full HD+ Display64MP + 8MP + 2MP + 2MP | 16MP Front Camera5000 mAh BatteryMediaTek Helio G95 ProcessorSuper AMOLED Display1 Year Warranty for Mobile and 6 Months for Accessories
162,"realme 8 (Cyber Black, 128 GB)","₹15,999",4 GB RAM | 128 GB ROM | Expandable Upto 256 GB16.26 cm (6.4 inch) Full HD+ Display64MP + 8MP + 2MP + 2MP | 16MP Front Camera5000 mAh BatteryMediaTek Helio G95 ProcessorSuper AMOLED Display1 Year Warranty for Mobile and 6 Months for Accessories
163,"realme Narzo 30 Pro 5G (Blade Silver, 128 GB)","₹19,999",8 GB RAM | 128 GB ROM | Expandable Upto 256 GB16.51 cm (6.5 inch) Full HD+ Display48MP + 8MP + 2MP | 16MP Front Camera5000 mAh BatteryMediaTek Dimensity 800U Processor1 Year Warranty for Mobile and 6 Months for Accessories
164,"vivo Z1x (Fusion Blue, 128 GB)","₹15,249",4 GB RAM | 128 GB ROM16.22 cm (6.386 inch) Display48MP Rear Camera4500 mAh BatteryBrand Warranty of 1 Year Available for Mobile and 6 Months for In-box Accessories
165,"realme 9 (Stargaze White, 128 GB)","₹16,999",6 GB RAM | 128 GB ROM | Expandable Upto 256 GB16.26 cm (6.4 inch) Full HD+ AMOLED Display108MP + 8MP + 2MP | 16MP Front Camera5000 mAh Lithium Ion BatteryQualcomm Snapdragon 680 Processor1 Year Manufacturer Warranty for Phone and 6 Months Warranty for In-Box Accessories
166,"realme 9 (Stargaze White, 128 GB)","₹17,999",8 GB RAM | 128 GB ROM | Expandable Upto 256 GB16.26 cm (6.4 inch) Full HD+ AMOLED Display108MP + 8MP + 2MP | 16MP Front Camera5000 mAh Lithium Ion BatteryQualcomm Snapdragon 680 Processor1 Year Manufacturer Warranty for Phone and 6 Months Warranty for In-Box Accessories
167,"realme narzo 50 5G (Hyper Blue, 128 GB)","₹16,799",4 GB RAM | 128 GB ROM16.76 cm (6.6 inch) Display48MP Rear Camera5000 mAh Battery12Months Brand Warranty
168,"SAMSUNG Galaxy M32 (Black, 128 GB)","₹15,699",6 GB RAM | 128 GB ROM16.26 cm (6.4 inch) Display64MP Rear Camera6000 mAh Battery1 Year Warranty
169,"REDMI 11 Prime 5G (Chrome Silver, 128 GB)","₹15,990",6 GB RAM | 128 GB ROM16.71 cm (6.58 inch) Display5MP Rear Camera5000 mAh Battery1 Year Warranty
170,"realme 8 (Cyber Black, 128 GB)","₹17,999",8 GB RAM | 128 GB ROM | Expandable Upto 256 GB16.26 cm (6.4 inch) Full HD+ Display64MP + 8MP + 2MP + 2MP | 16MP Front Camera5000 mAh BatteryMediaTek Helio G95 ProcessorSuper AMOLED Display1 Year Warranty for Mobile and 6 Months for Accessories
171,Cellecor E3,"₹1,176",32 MB RAM | 32 MB ROM | Expandable Upto 32 GB4.57 cm (1.8 inch) Display0.8MP Rear Camera1000 mAh Battery1 Year Manufacturer Warranty
172,"realme Narzo 50 Pro 5G (Hyper Blue, 128 GB)","₹19,989",6 GB RAM | 128 GB ROM16.26 cm (6.4 inch) Display48MP Rear Camera5000 mAh BatteryDimensity 920 5G Processor Processor12Months Brand Warranty
173,"OPPO A55 (Starry Black, 64 GB)","₹13,999",4 GB RAM | 64 GB ROM | Expandable Upto 256 GB16.54 cm (6.51 inch) HD+ Display50MP + 2MP + 2MP | 16MP Front Camera5000 mAh Lithium-ion Polymer BatteryMediaTek Helio G35 ProcessorBrand Warranty of 1 Year Available for Mobile Including Battery and 6 Months for Accessories
174,"realme narzo 50 5G (Hyper Black, 64 GB)","₹14,450",4 MB RAM | 64 GB ROM16.76 cm (6.6 inch) Display48MP Rear Camera5000 mAh Battery12Months Brand Warranty
175,"OPPO A31 (Mystery Black, 128 GB)","₹14,100",6 GB RAM | 128 GB ROM | Expandable Upto 256 GB16.51 cm (6.5 inch) HD+ Display12MP + 2MP + 2MP | 8MP Front Camera4230 mAh BatteryMediaTek Helio P35 Octa Core ProcessorBrand Warranty of 1 Year Available for Mobile Including Battery and 6 Months for Accessories
176,"realme narzo 50 5G (Hyper Blue, 64 GB)","₹14,988",4 MB RAM | 64 GB ROM16.76 cm (6.6 inch) Display48MP Rear Camera5000 mAh Battery12Months Brand Warranty
177,"realme 6 Pro (Lightning Orange, 64 GB)","₹17,999",6 GB RAM | 64 GB ROM | Expandable Upto 256 GB16.76 cm (6.6 inch) Full HD+ Display64MP + 12MP + 8MP + 2MP | 16MP + 8MP Dual Front Camera4300 mAh BatterySnapdragon 720G Processor90 Hz Ultra Smooth Display30 W Flash ChargeSide Fingerprint Sensor | Dual In Display SelfieBrand Warranty of 1 Year Available for Mobile Including Battery and 6 Months for Accessories
178,"POCO M2 Pro (Green and Greener, 64 GB)","₹17,999","6 GB RAM | 64 GB ROM | Expandable Upto 512 GB16.94 cm (6.67 inch) Full HD+ Display48MP + 8MP + 5MP + 2MP | 16MP Front Camera5000 mAh Lithium-ion Polymer BatteryQualcomm Snapdragon 720G Processor1 Year for Handset, 6 Months for Accessories"
179,"realme Narzo 50 Pro 5G (Hyper Black, 128 GB)","₹19,995",6 GB RAM | 128 GB ROM16.26 cm (6.4 inch) Display48MP Rear Camera5000 mAh BatteryDimensity 920 5G Processor Processor12Months Brand Warranty
180,"Moto G71 5G (Arctic Blue, 128 GB)","₹16,999",6 GB RAM | 128 GB ROM16.26 cm (6.4 inch) Full HD+ AMOLED Display50MP + 8MP + 2MP | 16MP Front Camera5000 mAh Lithium-ion Polymer BatteryQualcomm Snapdragon 695 Processor1 Year on Handset and 6 Months on Accessories
181,"Infinix Zero 5G (Skylight Orange, 128 GB)","₹19,999",8 GB RAM | 128 GB ROM | Expandable Upto 256 GB17.22 cm (6.78 inch) Full HD+ Display48 MP + 13 MP Portrait Lens + 2 MP Bokeh Lens | 16MP Front Camera5000 mAh Li-ion Polymer BatteryMediatek Dimensity 900 Processor1 Year on Handset and 6 Months on Accessories
182,"POCO M3 Pro 5G (Cool Blue, 128 GB)","₹17,999","6 GB RAM | 128 GB ROM | Expandable Upto 1 TB16.51 cm (6.5 inch) Full HD+ Display48MP + 2MP + 2MP | 8MP Front Camera5000 mAh Lithium-ion Polymer BatteryMediaTek Dimensity 700 ProcessorMultiple Hands-free Voice AssistantOne Year Warranty for Handset, 6 Months for Accessories"
183,"IQOO Z6 5G (Dynamo Black, 128 GB)","₹15,999",4 GB RAM | 128 GB ROM16.71 cm (6.58 inch) Display50MP Rear Camera5000 mAh Battery1 Year Warranty
184,"REDMI Note 10S (Frost White, 128 GB)","₹16,499",6 GB RAM | 128 GB ROM | Expandable Upto 512 GB16.33 cm (6.43 inch) Full HD+ Super AMOLED Display64MP + 8MP + 2MP + 2MP | 13MP Front Camera5000 mAh Lithium-Ploymer BatteryMediatek Helio G95 Processor1 Year Manufacturer Warranty for Phone and 6 Months Warranty for In the Box Accessories
185,"IQOO Z6 Lite 5G (Without Charger) (Mystic Night, 128 GB)","₹15,990",6 GB RAM | 128 GB ROM16.97 cm (6.68 inch) Display50MP Rear Camera5000 mAh Battery1 Year
186,"REDMI Note 12 5G (Matte Black, 128 GB)","₹17,980",4 GB RAM | 128 GB ROM16.94 cm (6.67 inch) Display48MP Rear Camera5000 mAh Battery12 Months
187,"POCO X3 Pro (Steel Blue, 128 GB)","₹23,999","6 GB RAM | 128 GB ROM | Expandable Upto 1 TB16.94 cm (6.67 inch) Full HD+ Display48MP + 8MP + 2MP + 2MP | 20MP Front Camera5160 mAh Lithium-ion Polymer BatteryQualcomm Snapdragon 860 ProcessorMultiple Hands-free Voice AssistantsOne Year Warranty for Handset, 6 Months for Accessories"
188,"Mi 11 Lite (Jazz Blue, 128 GB)","₹23,999",8 GB RAM | 128 GB ROM | Expandable Upto 512 GB16.64 cm (6.55 inch) Full HD+ Display64MP + 8MP + 5MP | 16MP Front Camera4250 mAh Li-Polymer BatteryQualcomm Snapdragon 732G Processor1 Year Manufacturer Warranty for Handset and 6 Months Warranty for In the Box Accessories
189,"MOTOROLA G60 (Soft Silver, 128 GB)","₹15,999",6 GB RAM | 128 GB ROM17.22 cm (6.78 inch) Full HD+ Display108MP + 8MP + 2MP | 32MP Front Camera6000 mAh BatteryQualcomm Snapdragon 732G Processor120Hz Refresh RateStock Android Experience1 Year on Handset and 6 Months on Accessories
190,"POCO X3 (Shadow Gray, 64 GB)","₹19,999",6 GB RAM | 64 GB ROM | Expandable Upto 512 GB16.94 cm (6.67 inch) Full HD+ Display64MP + 13MP + 2MP + 2MP | 20MP Front Camera6000 mAh Lithium-ion Polymer BatteryQualcomm Snapdragon 732G Processor1 Year for Handset and 6 Months for Accessories
191,"POCO M2 Pro (Out of the Blue, 64 GB)","₹16,999","4 GB RAM | 64 GB ROM | Expandable Upto 512 GB16.94 cm (6.67 inch) Full HD+ Display48MP + 8MP + 5MP + 2MP | 16MP Front Camera5000 mAh Lithium-ion Polymer BatteryQualcomm Snapdragon 720G Processor1 Year for Handset, 6 Months for Accessories"
192,"vivo T1 5G (Starlight Black, 128 GB)","₹15,990",4 GB RAM | 128 GB ROM | Expandable Upto 1 TB16.71 cm (6.58 inch) Full HD+ Display50MP + 2MP + 2MP | 16MP Front Camera5000 mAh Lithium BatteryQualcomm Snapdragon 695 Processor1 Year Handset and 6 Months Accessories
193,"vivo T1 5G (Rainbow Fantasy, 128 GB)","₹15,990",4 GB RAM | 128 GB ROM | Expandable Upto 1 TB16.71 cm (6.58 inch) Full HD+ Display50MP + 2MP + 2MP | 16MP Front Camera5000 mAh Lithium BatteryTurbo Processor Snapdragon 695 Processor1 Year Handset and 6 Months Accessories
194,"realme 9 5G (Supersonic Blue, 128 GB)","₹17,499",6 GB RAM | 128 GB ROM | Expandable Upto 1 TB16.51 cm (6.5 inch) Full HD+ Display48MP + 2MP + 2MP | 16MP Front Camera5000 mAh Lithium Polymer BatteryMediatek Dimensity 810 Processor1 Year Warranty for Phone and 6 Months Warranty for In-Box Accessories
195,"REDMI Note 12 5G (Mystique Blue, 128 GB)","₹17,990",4 GB RAM | 128 GB ROM16.94 cm (6.67 inch) Display48MP Rear Camera5000 mAh Battery12 Months
196,"IQOO Z6 5G (Dynamo Black, 128 GB)","₹17,489",6 GB RAM | 128 GB ROM16.71 cm (6.58 inch) Display50MP Rear Camera5000 mAh Battery1 Year Warranty
197,"realme 8i (Space Black, 128 GB)","₹15,999",6 GB RAM | 128 GB ROM | Expandable Upto 256 GB16.76 cm (6.6 inch) Full HD+ Display50MP + 2MP + 2MP | 16MP Front Camera5000 mAh BatteryMediaTek Helio G96 Processor1 Year Warranty for Mobile and 6 Months for Accessories
198,"realme 8i (Space Purple, 128 GB)","₹15,999",6 GB RAM | 128 GB ROM | Expandable Upto 256 GB16.76 cm (6.6 inch) Full HD+ Display50MP + 2MP + 2MP | 16MP Front Camera5000 mAh BatteryMediaTek Helio G96 Processor1 Year Warranty for Mobile and 6 Months for Accessories
199,"REDMI Note 10 Pro Max (Dark Nebula, 128 GB)","₹19,999",6 GB RAM | 128 GB ROM | Expandable Upto 512 GB16.94 cm (6.67 inch) Full HD+ Display108MP Rear Camera | 16MP Front Camera5020 mAh BatteryQualcomm Snapdragon 732G Processor1 Year Manufacturer Warranty for Phone and 6 Months Warranty for In the Box Accessories
200,"OPPO K10 (Black Carbon, 128 GB)","₹16,990",8 GB RAM | 128 GB ROM | Expandable Upto 1 TB16.74 cm (6.59 inch) Full HD+ Display50MP + 2MP + 2MP | 16MP Front Camera5000 mAh Lithium Ion BatteryQualcomm Snapdragon 680 Processor33W SUPERVOOC Charger | Dual Speaker | Super Adaptive Refresh RateAI Photo Suite | OPPO Glow Design with Dirt and Scratch Resistant1 Year Manufacturer Warranty for Phone and 6 Months Warranty for In-Box Accessories
201,"REDMI Note 11T 5G (Aquamarine Blue, 128 GB)","₹17,490",6 GB RAM | 128 GB ROM16.76 cm (6.6 inch) Display50MP Rear Camera5000 mAh Battery1 Year Warranty
202,"realme 8 (Cyber Silver, 128 GB)","₹16,999",6 GB RAM | 128 GB ROM | Expandable Upto 256 GB16.26 cm (6.4 inch) Full HD+ Display64MP + 8MP + 2MP + 2MP | 16MP Front Camera5000 mAh BatteryMediaTek Helio G95 ProcessorSuper AMOLED Display1 Year Warranty for Mobile and 6 Months for Accessories
203,"REDMI Note 10S (Cosmic Purple, 128 GB)","₹16,499",8 GB RAM | 128 GB ROM | Expandable Upto 512 GB16.33 cm (6.43 inch) Full HD+ Super AMOLED Display64MP + 8MP + 2MP + 2MP | 13MP Front Camera5000 mAh Lithium-Ploymer BatteryMediatek Helio G95 Processor1 Year Manufacturer Warranty for Phone and 6 Months Warranty for In the Box Accessories
204,"OPPO K10 5G (Midnight Black, 128 GB)","₹19,989",8 GB RAM | 128 GB ROM | Expandable Upto 1 TB16.66 cm (6.56 inch) HD+ Display48MP + 2MP | 8MP Front Camera5000 mAh Lithium Ion Polymer BatteryMediatek Dimensity 810 Processor1 Year Manufacturer Warranty for Phone and 6 Months Warranty for In-Box Accessories
205,"realme 9 (Sunburst Gold, 128 GB)","₹16,999",6 GB RAM | 128 GB ROM | Expandable Upto 256 GB16.26 cm (6.4 inch) Full HD+ AMOLED Display108MP + 8MP + 2MP | 16MP Front Camera5000 mAh Lithium Ion BatteryQualcomm Snapdragon 680 Processor1 Year Manufacturer Warranty for Phone and 6 Months Warranty for In-Box Accessories
206,"MOTOROLA Edge 20 Fusion 5G (Cyber Teal, 128 GB)","₹18,999",6 GB RAM | 128 GB ROM16.94 cm (6.67 inch) Full HD+ Display108MP + 8MP + 2MP | 32MP Front Camera5000 mAh BatteryMediaTek Dimensity 800U Processor90Hz Refresh Rate AMOLED Display13 5G Bands1 Year on Handset and 6 Months on Accessories
207,"IQOO Z6 Lite 5G (Without Charger) (Stellar Green, 128 GB)","₹16,999",6 GB RAM | 128 GB ROM16.97 cm (6.68 inch) Display50MP Rear Camera5000 mAh Battery1 Year
208,"Tecno Camon 19 Pro (Mondrian, 128 GB)","₹17,999",8 GB RAM | 128 GB ROM | Expandable Upto 512 GB17.27 cm (6.8 inch) Full HD+ Display64MP + 50MP + 2MP | 32MP Front Camera5000 mAh BatteryMediatek MT6781 Helio G96 ProcessorDomestic Warranty of 12 Months on Phone & 6 Months on Accessories
209,"IQOO Z6 5G (Chromatic Blue, 128 GB)","₹15,999",4 GB RAM | 128 GB ROM16.71 cm (6.58 inch) Display50MP Rear Camera5000 mAh Battery1 Year Warranty
210,"SAMSUNG Galaxy M32 (Black, 128 GB)","₹14,889",6 GB RAM | 128 GB ROM16.26 cm (6.4 inch) Display64MP Rear Camera6000 mAh Battery1 Year Warranty
211,"REDMI Note 10 Pro Max (Vintage Bronze, 128 GB)","₹19,999",6 GB RAM | 128 GB ROM | Expandable Upto 512 GB16.94 cm (6.67 inch) Full HD+ Display108MP Rear Camera | 16MP Front Camera5020 mAh BatteryQualcomm Snapdragon 732G Processor1 Year Manufacturer Warranty for Phone and 6 Months Warranty for In the Box Accessories
212,"REDMI Note 11T 5G (Stardust White, 128 GB)","₹17,990",6 GB RAM | 128 GB ROM16.76 cm (6.6 inch) Display50MP Rear Camera5000 mAh Battery12 Months Warranty
213,"realme narzo 50 5G (Hyper Black, 128 GB)","₹17,750",6 GB RAM | 128 GB ROM16.76 cm (6.6 inch) Display48MP Rear Camera5000 mAh Battery12Months Brand Warranty
214,"REDMI Note 10 Pro Max (Dark Night, 128 GB)","₹19,499",6 GB RAM | 128 GB ROM | Expandable Upto 512 GB16.94 cm (6.67 inch) Full HD+ Display108MP Rear Camera | 16MP Front Camera5020 mAh BatteryQualcomm Snapdragon 732G Processor1 Year Manufacturer Warranty for Phone and 6 Months Warranty for In the Box Accessories
215,"REDMI Note 10 Pro Max (Glacial Blue, 128 GB)","₹18,999",6 GB RAM | 128 GB ROM | Expandable Upto 512 GB16.94 cm (6.67 inch) Full HD+ Display108MP Rear Camera | 16MP Front Camera5020 mAh BatteryQualcomm Snapdragon 732G Processor1 Year Manufacturer Warranty for Phone and 6 Months Warranty for In the Box Accessories
216,"POCO M3 Pro 5G (Yellow, 128 GB)","₹17,999","6 GB RAM | 128 GB ROM | Expandable Upto 1 TB16.51 cm (6.5 inch) Full HD+ Display48MP + 2MP + 2MP | 8MP Front Camera5000 mAh Lithium-ion Polymer BatteryMediaTek Dimensity 700 ProcessorMultiple Hands-free Voice AssistantOne Year Warranty for Handset, 6 Months for Accessories"
217,"POCO X3 (Cobalt Blue, 128 GB)","₹19,494",6 GB RAM | 128 GB ROM | Expandable Upto 512 GB16.94 cm (6.67 inch) Full HD+ Display64MP + 13MP + 2MP + 2MP | 20MP Front Camera6000 mAh Lithium-ion Polymer BatteryQualcomm Snapdragon 732G Processor1 Year for Handset and 6 Months for Accessories
218,"REDMI Note 12 5G (Frosted Green, 128 GB)","₹17,990",4 GB RAM | 128 GB ROM16.94 cm (6.67 inch) Display48MP Rear Camera5000 mAh Battery12 Months
219,Cellecor E3,"₹1,176",32 MB RAM | 32 MB ROM | Expandable Upto 32 GB4.57 cm (1.8 inch) Display0.8MP Rear Camera1000 mAh Battery1 Year Manufacturer Warranty
220,"OPPO A76 (Glowing Black, 128 GB)","₹16,490",6 GB RAM | 128 GB ROM | Expandable Upto 1 TB16.66 cm (6.56 inch) HD+ Display13MP + 2MP | 8MP Front Camera5000 mAh Lithium Ion BatteryQualcomm Snapdragon 680 Processor1 Year Manufacturer Warranty for Phone and 6 Months Warranty for In-Box Accessories
221,"vivo Y33T (Mid day dream, 128 GB)","₹17,989",8 GB RAM | 128 GB ROM | Expandable Upto 1 TB16.71 cm (6.58 inch) Full HD+ Display50MP + 2MP + 2MP | 16MP Front Camera5000 mAh Lithium BatteryQualcomm Snapdragon 680 Processor1 Year Manufacturer Warranty for Phone and 6 Months Warranty for In the Box Accessories
222,"Infinix Zero 5G (Horizon Blue, 128 GB)","₹19,999",8 GB RAM | 128 GB ROM | Expandable Upto 256 GB17.22 cm (6.78 inch) Full HD+ Display48 MP + 13 MP Portrait Lens + 2 MP Bokeh Lens | 16MP Front Camera5000 mAh Li-ion Polymer BatteryMediatek Dimensity 900 Processor1 Year on Handset and 6 Months on Accessories
223,Cellecor R50,"₹1,456",32 MB RAM | 32 MB ROM | Expandable Upto 32 GB6.1 cm (2.4 inch) Display0.8MP Rear Camera2750 mAh Battery1 Year Manufacturer Warranty
224,"REDMI 11 Prime (Playful Green, 128 GB)","₹13,890","6 GB RAM | 128 GB ROM16.71 cm (6.58 inch) Display50MP Rear Camera5000 mAh Battery"" 1 year manufacturer warranty for device and 6 months manufacturer warranty for in-box accessories including batteries from the date of purchase"""
225,"REDMI Note 9 Pro Max (Interstellar Black, 64 GB)","₹18,999",6 GB RAM | 64 GB ROM | Expandable Upto 512 GB16.94 cm (6.67 inch) Full HD+ Display64MP + 8MP + 5MP + 2MP | 32MP Front Camera5020 mAh Lithium Polymer BatteryQualcomm Snapdragon 720G Processor1 Year Manufacturer Warranty for Device and 6 Months Manufacturer Warranty for In-box Accessories
226,"vivo Y33T (Starry Gold, 128 GB)","₹16,749",8 GB RAM | 128 GB ROM | Expandable Upto 1 TB16.71 cm (6.58 inch) Display50MP + 2MP + 2MP | 16MP Front Camera5000 mAh Battery1 Year Manufacturer Warranty for Phone and 6 Months Warranty for In the Box Accessories
227,"REDMI Note 9 (Arctic White, 128 GB)","₹15,490",4 GB RAM | 128 GB ROM | Expandable Upto 512 GB16.59 cm (6.53 inch) Full HD+ Display48MP + 8MP + 2MP + 2MP | 13MP Front Camera5020 mAh BatteryMediaTek Helio G85 Processor1 Year Manufacturer Warranty for Device and 6 months Manufacturer Warranty for In-box Accessories Including Batteries from the Date of Purchase
228,"POCO M2 Pro (Out of the Blue, 128 GB)","₹19,999","6 GB RAM | 128 GB ROM | Expandable Upto 512 GB16.94 cm (6.67 inch) Full HD+ Display48MP + 8MP + 5MP + 2MP | 16MP Front Camera5000 mAh Lithium-ion Polymer BatteryQualcomm Snapdragon 720G Processor1 Year for Handset, 6 Months for Accessories"
229,"realme 6 Pro (Lightning Blue, 128 GB)","₹18,999",6 GB RAM | 128 GB ROM | Expandable Upto 256 GB16.76 cm (6.6 inch) Full HD+ Display64MP + 12MP + 8MP + 2MP | 16MP + 8MP Dual Front Camera4300 mAh BatterySnapdragon 720G Processor90 Hz Ultra Smooth Display30 W Flash ChargeSide Fingerprint Sensor | Dual In Display SelfieBrand Warranty of 1 Year Available for Mobile Including Battery and 6 Months for Accessories
230,"OPPO A77 4GB (Sunset Orange, 64 GB)","₹15,498",4 GB RAM | 64 GB ROM | Expandable Upto 1 TB16.66 cm (6.56 inch) HD+ Display50MP + 2MP + 2MP | 8MP Front Camera5000 mAh BatteryMediatek Helio G35 Processor1 Year on Handset and 6 Months on Accessories
231,"Redmi Note 5 Pro (Gold, 64 GB)","₹16,999",6 GB RAM | 64 GB ROM | Expandable Upto 128 GB15.21 cm (5.99 inch) Full HD+ Display12MP + 5MP | 20MP Front Camera4000 mAh Li Polymer BatteryQualcomm Snapdragon 636 ProcessorBrand Warranty of 1 Year Available for Mobile and 6 Months for Accessories
232,"REDMI 10 Prime 2022 (Bifrost Blue, 128 GB)","₹15,999",4 GB RAM | 128 GB ROM16.51 cm (6.5 inch) Display50MP Rear Camera6000 mAh Battery12 Months
233,"OPPO F17 Pro (Magic Blue, 128 GB)","₹19,990",8 GB RAM | 128 GB ROM | Expandable Upto 256 GB16.33 cm (6.43 inch) Full HD+ Display48MP + 8MP + 2MP + 2MP | 16MP + 2MP Dual Front Camera4015 mAh Lithium-ion BatteryMediaTek Helio P95 ProcessorIn-Display Fingerprint 3.030W VOOC Flash Charge 4.0Brand Warranty of 1 Year Available for Mobile Including Battery and 6 Months for Accessories
234,"Mi A2 (Gold, 64 GB)","₹17,499",4 GB RAM | 64 GB ROM15.21 cm (5.99 inch) Full HD+ Display20MP + 12MP | 20MP Front Camera3010 mAh BatteryQualcomm Snapdragon 660 AIE ProcessorBrand Warranty of 1 Year Available for Mobile and 6 Months for Battery and Accessories
235,"REDMI Note 9 (Pebble Grey, 128 GB)","₹16,499",4 GB RAM | 128 GB ROM | Expandable Upto 512 GB16.59 cm (6.53 inch) Full HD+ Display48MP + 8MP + 2MP + 2MP | 13MP Front Camera5020 mAh BatteryMediaTek Helio G85 Processor1 Year Manufacturer Warranty for Device and 6 months Manufacturer Warranty for In-box Accessories Including Batteries from the Date of Purchase
236,"Redmi Note 7 Pro (Nebula Red, 64 GB)","₹15,999",4 GB RAM | 64 GB ROM | Expandable Upto 256 GB16.0 cm (6.3 inch) Full HD+ Display48MP + 5MP | 13MP Front Camera4000 mAh Li-polymer BatteryQualcomm Snapdragon 675 ProcessorSplash Proof - Protected by P2iQuick Charge 4.0 SupportBrand Warranty of 1 Year Available for Mobile and 6 Months for Accessories
237,"Redmi Note 7 Pro (Blue, 64 GB)","₹15,999",4 GB RAM | 64 GB ROM | Expandable Upto 256 GB16.0 cm (6.3 inch) Full HD+ Display48MP + 5MP | 13MP Front Camera4000 mAh Li-polymer BatteryQualcomm Snapdragon 675 ProcessorSplash Proof - Protected by P2iQuick Charge 4.0 SupportBrand Warranty of 1 Year Available for Mobile and 6 Months for Accessories
238,"POCO X3 Pro (Graphite Black, 128 GB)","₹19,999","8 GB RAM | 128 GB ROM | Expandable Upto 1 TB16.94 cm (6.67 inch) Full HD+ Display48MP + 8MP + 2MP + 2MP | 20MP Front Camera5160 mAh Lithium-ion Polymer BatteryQualcomm Snapdragon 860 ProcessorMultiple Hands-free Voice AssistantsOne Year Warranty for Handset, 6 Months for Accessories"
239,"SAMSUNG Galaxy A22 5G (Mint, 128 GB)","₹16,389",6 GB RAM | 128 GB ROM | Expandable Upto 1 TB16.76 cm (6.6 inch) Full HD+ Display48MP + 5MP + 2MP | 8MP Front Camera5000 mAh Lithium-ion BatteryMediaTek Dimensity 700 (MT6833V) Processor1 Year Warranty Provided by the Manufacturer from Date of Purchase
